{"cameraMode":{"drawMode":0,"name":"Shaded","section":"Shading Mode"},"sceneLighting":true,"audioPlay":false,"sceneViewState":{"showFog":true,"showMaterialUpdate":false,"showSkybox":true,"showFlares":true,"showImageEffects":true,"showParticleSystems":true},"in2DMode":false,"pivot":{"x":-0.01573646068572998,"y":1.818739891052246,"z":0.30487629771232607},"rotation":{"x":0.0009713625768199563,"y":-0.762000560760498,"z":0.0011430018348619342,"w":0.6475746631622315},"size":0.7080294489860535,"orthographic":false}